engineerName,engineerId,engineerLevel,url
Jim,1,Expert,http://sentia.com/129839
Daniele,2,Medior,http://sentia.com/121121
Otto,3,Junior,http://sentia.com/10000
Victor,4,Expert,http://sentia.com/129839
Martijn,5,Medior,http://sentia.com/121121
Mo,6,Junior,http://sentia.com/10000
Thomas,7,Expert,http://sentia.com/129839
Dave,8,Medior,http://sentia.com/121121
Robert,9,Junior,http://sentia.com/10000
Baziel,10,Expert,http://sentia.com/129839
Bas,11,Medior,http://sentia.com/121121
Dik,12,Junior,http://sentia.com/10000